{
  "schema_version": "1.1.0",
  "last_processed_window": "2026-01-15T05:25:00+00:00",
  "dr_count": 0,
  "iteration_count": 319,
  "zscore_stats": {
    "flow_pressure": [
      -0.108303601821048,
      0.5
    ]
  },
  "ema_state": {
    "37.1,-122.05": {
      "val": 0.8081078247540081,
      "last_iter": 319
    },
    "37.1,-121.6": {
      "val": 0.8406898827173397,
      "last_iter": 319
    },
    "37.2,-121.55": {
      "val": 0.7987936243572324,
      "last_iter": 319
    },
    "37.3,-121.95": {
      "val": 0.7918272500445865,
      "last_iter": 319
    },
    "37.35,-122.2": {
      "val": 0.7738502243812801,
      "last_iter": 319
    },
    "37.45,-122.2": {
      "val": 0.7880410063360075,
      "last_iter": 319
    },
    "37.45,-121.7": {
      "val": 0.7845857695173539,
      "last_iter": 319
    },
    "37.55,-122.45": {
      "val": 0.7867467134788894,
      "last_iter": 319
    },
    "37.55,-122.25": {
      "val": 0.7996239298299525,
      "last_iter": 319
    },
    "37.6,-122.4": {
      "val": 0.42799448253040573,
      "last_iter": 319
    },
    "37.6,-122.15": {
      "val": 0.812846519717041,
      "last_iter": 319
    },
    "37.65,-122.35": {
      "val": 0.7792606545275022,
      "last_iter": 319
    },
    "37.7,-122.4": {
      "val": 0.7898695086924141,
      "last_iter": 319
    },
    "37.7,-121.5": {
      "val": 0.8141140407355808,
      "last_iter": 319
    },
    "37.75,-122.3": {
      "val": 0.7817610167844361,
      "last_iter": 319
    },
    "37.8,-121.65": {
      "val": 0.79942232840922,
      "last_iter": 319
    },
    "37.85,-122.1": {
      "val": 0.7816451975478758,
      "last_iter": 319
    },
    "37.9,-121.75": {
      "val": 0.7664686364450555,
      "last_iter": 319
    }
  },
  "ema_state_current": {
    "37.1,-122.05": {
      "val": 0.9740370043147939,
      "last_iter": 319
    },
    "37.1,-121.6": {
      "val": 0.9740370043147939,
      "last_iter": 319
    },
    "37.2,-121.55": {
      "val": 0.9740370043147939,
      "last_iter": 319
    },
    "37.3,-121.95": {
      "val": 0.9740370043147939,
      "last_iter": 319
    },
    "37.35,-122.2": {
      "val": 0.9740370043147939,
      "last_iter": 319
    },
    "37.45,-122.2": {
      "val": 0.9740370043147939,
      "last_iter": 319
    },
    "37.45,-121.7": {
      "val": 0.9740370043147939,
      "last_iter": 319
    },
    "37.55,-122.45": {
      "val": 0.9740370043147939,
      "last_iter": 319
    },
    "37.55,-122.25": {
      "val": 0.9740370043147939,
      "last_iter": 319
    },
    "37.6,-122.4": {
      "val": 0.9362717021157947,
      "last_iter": 319
    },
    "37.6,-122.15": {
      "val": 0.9740370043147939,
      "last_iter": 319
    },
    "37.65,-122.35": {
      "val": 0.9740370043147939,
      "last_iter": 319
    },
    "37.7,-122.4": {
      "val": 0.9740370043147939,
      "last_iter": 319
    },
    "37.7,-121.5": {
      "val": 0.9740370043147939,
      "last_iter": 319
    },
    "37.75,-122.3": {
      "val": 0.9740370043147939,
      "last_iter": 319
    },
    "37.8,-121.65": {
      "val": 0.9740370043147939,
      "last_iter": 319
    },
    "37.85,-122.1": {
      "val": 0.9740370043147939,
      "last_iter": 319
    },
    "37.9,-121.75": {
      "val": 0.9740370043147939,
      "last_iter": 319
    }
  },
  "saved_at": "2026-01-15T05:25:05.238296+00:00"
}