{
  "schema_version": "1.1.0",
  "last_processed_window": "2026-01-15T01:55:00+00:00",
  "dr_count": 0,
  "iteration_count": 291,
  "zscore_stats": {
    "flow_pressure": [
      -0.1070888041134794,
      0.5
    ]
  },
  "ema_state": {
    "36.95,-121.6": {
      "val": 0.8720849171653207,
      "last_iter": 290
    },
    "37.0,-121.7": {
      "val": 0.8385158928960187,
      "last_iter": 290
    },
    "37.05,-122.0": {
      "val": 0.9241436678234235,
      "last_iter": 290
    },
    "37.15,-122.05": {
      "val": 0.8829268519905226,
      "last_iter": 290
    },
    "37.25,-121.85": {
      "val": 0.8389480501260843,
      "last_iter": 290
    },
    "37.35,-122.35": {
      "val": 0.7986051407549546,
      "last_iter": 290
    },
    "37.35,-121.95": {
      "val": 0.8290920591221117,
      "last_iter": 290
    },
    "37.4,-122.0": {
      "val": 0.798940426329901,
      "last_iter": 290
    },
    "37.45,-122.3": {
      "val": 0.8130755773966757,
      "last_iter": 290
    },
    "37.45,-121.95": {
      "val": 0.8142225127541025,
      "last_iter": 290
    },
    "37.55,-122.15": {
      "val": 0.8315083931544106,
      "last_iter": 290
    },
    "37.55,-121.8": {
      "val": 0.8317780621151647,
      "last_iter": 291
    },
    "37.6,-122.1": {
      "val": 0.8213156723205219,
      "last_iter": 290
    },
    "37.6,-121.65": {
      "val": 0.8226002041068522,
      "last_iter": 290
    },
    "37.65,-122.45": {
      "val": 0.8433986129450921,
      "last_iter": 290
    },
    "37.65,-122.15": {
      "val": 0.7172276159983817,
      "last_iter": 291
    },
    "37.7,-122.25": {
      "val": 0.40758919372580915,
      "last_iter": 290
    },
    "37.75,-122.2": {
      "val": 0.8254995133901025,
      "last_iter": 290
    },
    "37.8,-122.45": {
      "val": 0.8361442444927566,
      "last_iter": 290
    },
    "37.8,-121.8": {
      "val": 0.81377258353589,
      "last_iter": 291
    },
    "37.85,-122.4": {
      "val": 0.626727295178269,
      "last_iter": 291
    },
    "37.85,-121.9": {
      "val": 0.8267869852253655,
      "last_iter": 290
    },
    "37.85,-121.55": {
      "val": 0.8228992474542624,
      "last_iter": 291
    },
    "37.05,-121.7": {
      "val": 0.862559270613059,
      "last_iter": 291
    },
    "37.1,-122.05": {
      "val": 0.9156847873535123,
      "last_iter": 291
    },
    "37.2,-122.1": {
      "val": 0.8704021766789714,
      "last_iter": 291
    },
    "37.3,-122.6": {
      "val": 0.8545983042731006,
      "last_iter": 291
    },
    "37.3,-122.25": {
      "val": 0.7855082435270687,
      "last_iter": 291
    },
    "37.3,-121.9": {
      "val": 0.8349683720750544,
      "last_iter": 291
    },
    "37.4,-121.95": {
      "val": 0.8187908642732871,
      "last_iter": 291
    },
    "37.45,-122.25": {
      "val": 0.8182334974629577,
      "last_iter": 291
    },
    "37.5,-121.95": {
      "val": 0.8142409290860197,
      "last_iter": 291
    },
    "37.55,-122.1": {
      "val": 0.8345192080731719,
      "last_iter": 291
    },
    "37.6,-122.45": {
      "val": 0.845888514644676,
      "last_iter": 291
    },
    "37.6,-122.15": {
      "val": 0.5706353998113632,
      "last_iter": 291
    },
    "37.65,-121.65": {
      "val": 0.8259026475587989,
      "last_iter": 291
    },
    "37.75,-122.25": {
      "val": 0.4206516879071802,
      "last_iter": 291
    },
    "37.85,-122.45": {
      "val": 0.8323389310408121,
      "last_iter": 291
    },
    "37.9,-121.9": {
      "val": 0.8312046900101556,
      "last_iter": 291
    },
    "37.95,-122.55": {
      "val": 0.7704874490236059,
      "last_iter": 291
    }
  },
  "ema_state_current": {
    "36.95,-121.6": {
      "val": 0.9732871047053322,
      "last_iter": 290
    },
    "37.0,-121.7": {
      "val": 0.9732871047053322,
      "last_iter": 290
    },
    "37.05,-122.0": {
      "val": 0.9732871047053322,
      "last_iter": 290
    },
    "37.15,-122.05": {
      "val": 0.9732871047053322,
      "last_iter": 290
    },
    "37.25,-121.85": {
      "val": 0.9732871047053322,
      "last_iter": 290
    },
    "37.35,-122.35": {
      "val": 0.9732871047053322,
      "last_iter": 290
    },
    "37.35,-121.95": {
      "val": 0.9732871047053322,
      "last_iter": 290
    },
    "37.4,-122.0": {
      "val": 0.9732871047053322,
      "last_iter": 290
    },
    "37.45,-122.3": {
      "val": 0.9732871047053322,
      "last_iter": 290
    },
    "37.45,-121.95": {
      "val": 0.9732871047053322,
      "last_iter": 290
    },
    "37.55,-122.15": {
      "val": 0.9732871047053322,
      "last_iter": 290
    },
    "37.55,-121.8": {
      "val": 0.9734945026590774,
      "last_iter": 291
    },
    "37.6,-122.1": {
      "val": 0.9732871047053322,
      "last_iter": 290
    },
    "37.6,-121.65": {
      "val": 0.9732871047053322,
      "last_iter": 290
    },
    "37.65,-122.45": {
      "val": 0.9732871047053322,
      "last_iter": 290
    },
    "37.65,-122.15": {
      "val": 0.9565330163177388,
      "last_iter": 291
    },
    "37.7,-122.25": {
      "val": 0.934504358451969,
      "last_iter": 290
    },
    "37.75,-122.2": {
      "val": 0.9732871047053322,
      "last_iter": 290
    },
    "37.8,-122.45": {
      "val": 0.9732871047053322,
      "last_iter": 290
    },
    "37.8,-121.8": {
      "val": 0.9734945026590774,
      "last_iter": 291
    },
    "37.85,-122.4": {
      "val": 0.9492267838793678,
      "last_iter": 291
    },
    "37.85,-121.9": {
      "val": 0.9732871047053322,
      "last_iter": 290
    },
    "37.85,-121.55": {
      "val": 0.9734945026590774,
      "last_iter": 291
    },
    "37.05,-121.7": {
      "val": 0.9738055995896955,
      "last_iter": 291
    },
    "37.1,-122.05": {
      "val": 0.9738055995896955,
      "last_iter": 291
    },
    "37.2,-122.1": {
      "val": 0.9738055995896955,
      "last_iter": 291
    },
    "37.3,-122.6": {
      "val": 0.9738055995896955,
      "last_iter": 291
    },
    "37.3,-122.25": {
      "val": 0.9738055995896955,
      "last_iter": 291
    },
    "37.3,-121.9": {
      "val": 0.9738055995896955,
      "last_iter": 291
    },
    "37.4,-121.95": {
      "val": 0.9738055995896955,
      "last_iter": 291
    },
    "37.45,-122.25": {
      "val": 0.9738055995896955,
      "last_iter": 291
    },
    "37.5,-121.95": {
      "val": 0.9738055995896955,
      "last_iter": 291
    },
    "37.55,-122.1": {
      "val": 0.9738055995896955,
      "last_iter": 291
    },
    "37.6,-122.45": {
      "val": 0.9738055995896955,
      "last_iter": 291
    },
    "37.6,-122.15": {
      "val": 0.9357259114187737,
      "last_iter": 291
    },
    "37.65,-121.65": {
      "val": 0.9738055995896955,
      "last_iter": 291
    },
    "37.75,-122.25": {
      "val": 0.9357259114187737,
      "last_iter": 291
    },
    "37.85,-122.45": {
      "val": 0.9738055995896955,
      "last_iter": 291
    },
    "37.9,-121.9": {
      "val": 0.9738055995896955,
      "last_iter": 291
    },
    "37.95,-122.55": {
      "val": 0.9738055995896955,
      "last_iter": 291
    }
  },
  "saved_at": "2026-01-15T01:55:15.555973+00:00"
}